设备ID,n,coverage_days,l3plus_rate,conflict_rate,max_acc_p95,max_acc_std,peer_support_rate,peer_residual_mean,peer_residual_p95,peer_level_disagree_rate,l3plus_cnt,isolated_l3plus_rate,weekly_mean_slope
101_1041,1685,26,0.0,0.0017804154302670622,0.1,0.013773830914685755,0.07359050445103858,0.002983870967741936,0.010000000000000009,0.03225806451612903,0.0,0.0,0.0027743624589168154
101_1178,553,23,0.0,0.0,0.11,0.019088621611083864,0.06871609403254973,0.002894736842105264,0.009999999999999997,0.02631578947368421,0.0,0.0,0.0004140474862808687
101_1182,1229,35,0.0,0.0,0.1,0.016802847451015755,0.06509357200976404,0.005124999999999999,0.010249999999999993,0.0375,0.0,0.0,0.0003529718528958699
101_1183,922,19,0.0,0.0,0.11,0.020157804224071985,0.06941431670281996,0.0026562499999999998,0.009249999999999968,0.0,0.0,0.0,0.0024740808046615757
101_1184,91,5,0.0,0.0,0.095,0.02161320538769405,0.02197802197802198,0.0049999999999999975,0.005000000000000004,0.0,0.0,0.0,0.005352564102564104
101_1185,852,18,0.0,0.0035211267605633804,0.11,0.014567444338727873,0.08450704225352113,0.005416666666666667,0.015,0.05555555555555555,0.0,0.0,0.0006294683343831942
101_1187,615,31,0.0,0.0,0.09,0.012376301963643189,0.022764227642276424,0.0007142857142857149,0.0050000000000000044,0.0,0.0,0.0,0.00014091337100026116
101_1190,102,6,0.0,0.0,0.09,0.021881282551793772,0.0392156862745098,0.009999999999999998,0.015,0.25,0.0,0.0,0.0029087301587301584
101_1202,1222,19,0.028641571194762683,0.027823240589198037,0.13,0.027729940762545736,0.15711947626841244,0.01078125,0.03,0.109375,35.0,0.8,0.0001983780283741727
101_1203,84,19,0.0,0.0,0.07,0.009523952953595809,0.0,0.004278683914510686,0.010000000000000009,0.046620299934796786,0.0,0.0,0.0008199952960982363
101_1204,253,22,0.0,0.0,0.11,0.022662647311397686,0.007905138339920948,0.0,0.0,0.0,0.0,0.0,0.0007734688870881842
101_1205,56,9,0.0,0.0,0.11,0.0237020192027117,0.0,0.004278683914510686,0.010000000000000009,0.046620299934796786,0.0,0.0,0.0028682539682539678
101_1206,328,17,0.0,0.0,0.12,0.027580496452930984,0.054878048780487805,0.002222222222222221,0.009999999999999995,0.0,0.0,0.0,0.0070220363606549275
101_1210,755,5,0.0013245033112582781,0.0,0.11,0.018388700064324432,0.22781456953642384,0.007034883720930233,0.019999999999999997,0.13372093023255813,1.0,1.0,0.008932117418519313
101_1212,583,34,0.0,0.0,0.1,0.0201112565108288,0.06518010291595197,0.0047368421052631565,0.010749999999999989,0.02631578947368421,0.0,0.0,0.0016924322670056795
101_1215,913,15,0.0,0.0,0.11,0.017667000127011567,0.1796276013143483,0.0052439024390243906,0.015,0.07926829268292683,0.0,0.0,0.0015742218827459538
101_1216,464,19,0.0021551724137931034,0.00646551724137931,0.11,0.01677501955292357,0.017241379310344827,0.0025000000000000005,0.0050000000000000044,0.0,1.0,1.0,0.0013733216654679423
101_1218,9,1,0.0,0.0,0.09799999999999999,0.022047927592204922,0.0,0.004278683914510686,0.010000000000000009,0.046620299934796786,0.0,0.0,0.0
101_1220,68,9,0.0,0.0,0.12,0.031220420592685757,0.10294117647058823,0.005714285714285713,0.015,0.14285714285714285,0.0,0.0,0.005278911564625849
101_1221,287,18,0.0,0.0,0.06,0.013613928573072129,0.0,0.004278683914510686,0.010000000000000009,0.046620299934796786,0.0,0.0,0.001014427921988406
101_1222,424,22,0.009433962264150943,0.18396226415094338,0.15849999999999967,0.04044918737130653,0.0660377358490566,0.014642857142857143,0.033249999999999995,0.25,4.0,1.0,0.007497230943726736
101_1224,42,6,0.0,0.0,0.05,0.005823577373595079,0.0,0.004278683914510686,0.010000000000000009,0.046620299934796786,0.0,0.0,0.00021621621621620984
101_1227,360,24,0.03333333333333333,0.008333333333333333,0.13,0.03857046873575459,0.011111111111111112,0.05750000000000001,0.08000000000000002,0.75,12.0,0.75,0.00048759540728055396
101_1228,170,5,0.0,0.0,0.11,0.01965070903228768,0.058823529411764705,0.0030000000000000014,0.010000000000000002,0.0,0.0,0.0,0.001256916996047422
101_1230,155,3,0.0064516129032258064,0.0,0.14,0.024015251403183484,0.24516129032258063,0.008684210526315789,0.021499999999999988,0.23684210526315788,1.0,0.0,0.01504419191919193
101_1237,564,13,0.0070921985815602835,0.0,0.12,0.054224436213157805,0.06382978723404255,0.008055555555555555,0.031249999999999997,0.16666666666666666,4.0,1.0,0.06125225527608611
101_1241,1129,19,0.001771479185119575,0.0,0.11,0.01668716897883603,0.141718334809566,0.0071874999999999994,0.020000000000000004,0.09375,2.0,1.0,0.0011404186522136646
101_1245,3148,25,0.0028589580686149934,0.0,0.12,0.02448082852281703,0.3303684879288437,0.007019230769230769,0.020000000000000004,0.1326923076923077,9.0,0.8888888888888888,0.0010245237693930923
101_1257,1248,9,0.0016025641025641025,0.0,0.1,0.013308738857208175,0.391025641025641,0.005983606557377048,0.02,0.07581967213114754,2.0,0.0,0.0007452391681925449
101_1259,4688,18,0.00021331058020477816,0.0,0.09,0.01500635488740065,0.41723549488054607,0.005107361963190184,0.015,0.08997955010224949,1.0,0.0,0.0023259740424555813
101_1296,1990,23,0.001507537688442211,0.0,0.1,0.011157967048010094,0.14371859296482412,0.005944055944055943,0.015,0.10139860139860139,3.0,0.3333333333333333,0.0020887759855676164
101_1356,1256,18,0.0,0.0,0.12,0.016555943697143843,0.18789808917197454,0.006864406779661017,0.01625000000000001,0.1059322033898305,0.0,0.0,0.001538189124121842
101_1357,1474,20,0.0027137042062415195,0.0,0.12,0.01880893455243471,0.2062415196743555,0.0075,0.020000000000000004,0.14802631578947367,4.0,0.5,0.0006342158891437318
101_1360,168,5,0.0,0.0,0.1,0.02303435898294864,0.14285714285714285,0.009166666666666667,0.020000000000000004,0.125,0.0,0.0,0.004888927738927738
101_1361,184,13,0.0,0.0,0.12,0.02917797527095275,0.0,0.004278683914510686,0.010000000000000009,0.046620299934796786,0.0,0.0,0.0053680678589940155
101_1395,460,26,0.0,0.0,0.09,0.020096574638726612,0.030434782608695653,0.0021428571428571417,0.0050000000000000044,0.0,0.0,0.0,0.0026267173149912447
101_1398,484,23,0.0,0.0,0.09,0.01993779145116908,0.03305785123966942,0.0012500000000000002,0.009999999999999998,0.0,0.0,0.0,0.00017044581082140684
101_1423,149,5,0.006711409395973154,0.0,0.10599999999999994,0.02277302256762572,0.09395973154362416,0.007857142857142858,0.025000000000000005,0.14285714285714285,1.0,0.0,0.0019945141065830785
101_210,128,2,0.0078125,0.0,0.11,0.016740955661392002,0.328125,0.006666666666666667,0.015000000000000013,0.19047619047619047,1.0,0.0,0.005317460317460318
101_215,48,1,0.0,0.0,0.12,0.015629520622642813,0.20833333333333334,0.005,0.010000000000000009,0.0,0.0,0.0,0.0
101_220,8,2,0.0,0.0,0.11,0.03044315545875155,0.25,0.03,0.0345,0.0,0.0,0.0,0.03399999999999999
101_230,5,1,0.0,0.0,0.05,0.005477225575051662,0.0,0.004278683914510686,0.010000000000000009,0.046620299934796786,0.0,0.0,0.0
101_241,198,3,0.0,0.0,0.11,0.013931734150070537,0.43434343434343436,0.012732558139534883,0.03375,0.06976744186046512,0.0,0.0,0.0019563152896486247
101_245,12,3,0.0,0.0,0.10899999999999999,0.025746432527221863,0.08333333333333333,0.0050000000000000044,0.0050000000000000044,0.0,0.0,0.0,0.0049999999999999975
101_257,26,2,0.0,0.0,0.08,0.018127751780499,0.11538461538461539,0.006666666666666664,0.009499999999999996,0.3333333333333333,0.0,0.0,0.0
101_259,544,2,0.0,0.0,0.09,0.015330546657468289,0.3272058823529412,0.005112359550561797,0.015,0.0898876404494382,0.0,0.0,0.01762104743083004
101_356,24,2,0.0,0.0,0.1,0.01293797914466653,0.0,0.004278683914510686,0.010000000000000009,0.046620299934796786,0.0,0.0,0.00311111111111112
101_357,15,2,0.0,0.0,0.11,0.02725540575476988,0.13333333333333333,0.0049999999999999975,0.005000000000000004,0.0,0.0,0.0,0.011999999999999997
101_360,38,1,0.0,0.0,0.09149999999999998,0.013878152955103014,0.21052631578947367,0.004999999999999999,0.010000000000000004,0.125,0.0,0.0,0.0
101_361,28,3,0.0,0.0,0.12,0.03333928518291801,0.14285714285714285,0.0024999999999999988,0.005000000000000003,0.0,0.0,0.0,0.025
102_1185,66,1,0.0,0.0,0.08,0.011547005383792514,0.09090909090909091,0.001666666666666668,0.0050000000000000044,0.0,0.0,0.0,0.0
102_1193,1612,8,0.0,0.0,0.06,0.005989322397887861,0.228287841191067,0.002907608695652174,0.009999999999999995,0.019021739130434784,0.0,0.0,0.00042366063465367615
102_1310,498,17,0.0,0.0,0.08,0.012653125040684322,0.11244979919678715,0.0035714285714285735,0.009999999999999995,0.0,0.0,0.0,0.00034346862671580646
102_1314,295,15,0.0,0.0,0.09,0.018596431917563338,0.061016949152542375,0.004999999999999999,0.015,0.0,0.0,0.0,0.001991018398759053
102_1319,37,3,0.0,0.0,0.051999999999999956,0.007769193031477617,0.0,0.004278683914510686,0.010000000000000009,0.046620299934796786,0.0,0.0,0.0033974358974358937
102_1327,1968,12,0.0,0.0,0.07,0.010343252629473856,0.241869918699187,0.0033823529411764705,0.010000000000000002,0.018907563025210083,0.0,0.0,0.00505845050025318
102_1332,96,8,0.0,0.0,0.08,0.018775859360808025,0.0,0.004278683914510686,0.010000000000000009,0.046620299934796786,0.0,0.0,0.008397435897435898
102_1346,64,7,0.0,0.0,0.07,0.01171334200612195,0.03125,0.0050000000000000044,0.0050000000000000044,0.0,0.0,0.0,0.0003095238095238116
102_1353,1204,7,0.0,0.0,0.06,0.005289001077019836,0.15614617940199335,0.002234042553191489,0.010000000000000002,0.005319148936170213,0.0,0.0,0.00016202769934113223
102_1354,78,7,0.01282051282051282,0.0,0.11149999999999992,0.028395018159477495,0.0,0.004278683914510686,0.010000000000000009,0.046620299934796786,1.0,1.0,0.0063574251835121385
102_1365,20,3,0.0,0.0,0.05100000000000002,0.007591546545162484,0.0,0.004278683914510686,0.010000000000000009,0.046620299934796786,0.0,0.0,0.0005555555555555522
102_1366,408,9,0.0,0.0,0.08,0.011359294829943413,0.10294117647058823,0.004285714285714286,0.010000000000000002,0.0,0.0,0.0,0.0010369627925890152
102_1367,79,4,0.05063291139240506,0.0,0.16299999999999984,0.04166643946708585,0.0759493670886076,0.006666666666666668,0.015,0.16666666666666666,4.0,1.0,0.008965053763440867
102_1373,25,3,0.0,0.0,0.06,0.009363047936792091,0.0,0.004278683914510686,0.010000000000000009,0.046620299934796786,0.0,0.0,0.013913043478260868
102_1377,22,1,0.0,0.0,0.08,0.013068252399583532,0.0,0.004278683914510686,0.010000000000000009,0.046620299934796786,0.0,0.0,0.0
102_1383,880,4,0.0,0.0,0.06,0.007910116308530446,0.35,0.003181818181818182,0.010000000000000002,0.003246753246753247,0.0,0.0,0.004258832565284178
102_1385,32,1,0.0,0.0,0.07,0.010544643954588144,0.0625,0.010000000000000002,0.010000000000000009,0.0,0.0,0.0,0.0
102_1388,178,2,0.0,0.0,0.09,0.010526060195956739,0.0898876404494382,0.004374999999999999,0.009999999999999998,0.0625,0.0,0.0,0.005991949396204718
102_1389,417,4,0.0,0.0,0.09,0.010584240563787244,0.1630695443645084,0.004117647058823528,0.013249999999999996,0.029411764705882353,0.0,0.0,0.0006521519498888656
102_1473,260,17,0.0038461538461538464,0.0,0.07,0.01481215917413999,0.03076923076923077,0.018750000000000003,0.065,0.125,1.0,0.0,0.0004953583300153269
102_1481,121,1,0.0,0.0,0.08,0.010327955589886445,0.1322314049586777,0.005000000000000002,0.015,0.0625,0.0,0.0,0.0
102_1502,16,1,0.0,0.0,0.09,0.010246950765959594,0.0,0.004278683914510686,0.010000000000000009,0.046620299934796786,0.0,0.0,0.0
102_1580,11836,8,8.448800270361608e-05,0.0,0.09,0.01035294325911303,0.5890503548496113,0.004073436603557086,0.010000000000000009,0.04188181296615032,1.0,0.0,0.004340840866889524
102_185,39,1,0.0,0.0,0.07,0.008847180601095133,0.0,0.004278683914510686,0.010000000000000009,0.046620299934796786,0.0,0.0,0.0
102_310,16,1,0.0,0.0,0.07,0.008539125638299666,0.0,0.004278683914510686,0.010000000000000009,0.046620299934796786,0.0,0.0,0.0
102_319,12,2,0.0,0.0,0.08,0.0156427928995103,0.0,0.004278683914510686,0.010000000000000009,0.046620299934796786,0.0,0.0,0.016857142857142855
102_327,17,1,0.0,0.0,0.08199999999999999,0.01227743027337753,0.35294117647058826,0.008333333333333331,0.02,0.16666666666666666,0.0,0.0,0.0
102_332,7,2,0.0,0.0,0.06399999999999999,0.011126972805283738,0.0,0.004278683914510686,0.010000000000000009,0.046620299934796786,0.0,0.0,0.008333333333333338
102_365,15,3,0.0,0.0,0.08599999999999998,0.0192230020944651,0.13333333333333333,0.02,0.020000000000000004,0.0,0.0,0.0,0.008461538461538461
102_366,4,1,0.0,0.0,0.06,0.004999999999999996,0.0,0.004278683914510686,0.010000000000000009,0.046620299934796786,0.0,0.0,0.0
102_373,40,2,0.0,0.0,0.08,0.012310095919141393,0.1,0.0025000000000000022,0.0050000000000000044,0.0,0.0,0.0,0.008266666666666665
102_377,3,1,0.0,0.0,0.059,0.010000000000000002,0.0,0.004278683914510686,0.010000000000000009,0.046620299934796786,0.0,0.0,0.0
102_385,7,3,0.0,0.0,0.056999999999999995,0.00786795792469443,0.0,0.004278683914510686,0.010000000000000009,0.046620299934796786,0.0,0.0,0.007499999999999993
102_481,15,1,0.0,0.0,0.09299999999999999,0.020862360730226463,0.5333333333333333,0.0062499999999999995,0.015,0.0,0.0,0.0,0.0
102_73,77,3,0.0,0.0,0.07200000000000004,0.00797295496892037,0.1038961038961039,0.0025000000000000022,0.0050000000000000044,0.0,0.0,0.0,0.00541666666666666
103_1077,763,33,0.0,0.0,0.1,0.017603189345681627,0.05504587155963303,0.005952380952380952,0.015,0.047619047619047616,0.0,0.0,0.00022327873567785044
103_1081,166,27,0.0,0.0,0.09,0.01915254571334931,0.0,0.004278683914510686,0.010000000000000009,0.046620299934796786,0.0,0.0,0.00016443407020330075
103_6028,594,28,0.0,0.0,0.07,0.01075946789616686,0.06397306397306397,0.0036842105263157907,0.007249999999999983,0.0,0.0,0.0,0.0003736059530876678
103_6082,472,13,0.0,0.0,0.1,0.014118945243028268,0.06779661016949153,0.005000000000000001,0.010000000000000009,0.09375,0.0,0.0,0.0017525024498119604
103_6121,33,3,0.0,0.0,0.08,0.011112373665641762,0.12121212121212122,0.005000000000000001,0.010000000000000007,0.0,0.0,0.0,0.007111111111111117
103_6170,851,45,0.0,0.0,0.1,0.019085891071414708,0.01645123384253819,0.0028571428571428576,0.0050000000000000044,0.0,0.0,0.0,0.0003508355370269863
103_6180,116,3,0.0,0.0,0.09,0.015287352564318879,0.05172413793103448,0.003333333333333334,0.0050000000000000044,0.0,0.0,0.0,0.0
103_6232,96,15,0.0,0.0,0.1,0.021926662052668435,0.0,0.004278683914510686,0.010000000000000009,0.046620299934796786,0.0,0.0,0.002165367965367962
103_6255,914,21,0.0,0.0,0.11,0.020737840967339265,0.09190371991247265,0.003452380952380954,0.010000000000000009,0.023809523809523808,0.0,0.0,0.001488991272698277
103_6259,625,35,0.0,0.0,0.1,0.017753396208136537,0.08,0.0058,0.015,0.06,0.0,0.0,0.0002698177198244334
103_6262,211,5,0.0,0.0,0.08,0.01434337269715518,0.13270142180094788,0.0032142857142857147,0.013249999999999996,0.03571428571428571,0.0,0.0,0.0004090090090090176
103_6283,381,30,0.0,0.0,0.1,0.020160908177422755,0.010498687664041995,0.0125,0.015,0.0,0.0,0.0,0.0005050621473582985
103_6309,108,4,0.0,0.0,0.09,0.017711780404833226,0.07407407407407407,0.005000000000000001,0.010000000000000002,0.0,0.0,0.0,0.004814169570267132
103_6384,249,23,0.0,0.0,0.09,0.016344502580586978,0.024096385542168676,0.0,0.0,0.0,0.0,0.0,0.00030453708615987504
103_6388,887,17,0.002254791431792559,0.0,0.06,0.01025216433495831,0.11724915445321307,0.0016346153846153845,0.009249999999999974,0.019230769230769232,2.0,1.0,0.0001114350242988295
103_6418,3657,8,0.17774131802023516,0.0,0.22,0.043993288808976745,0.5594749794913864,0.01658357771260997,0.04500000000000001,0.30303030303030304,650.0,0.30923076923076925,0.007549839877672326
103_6496,45,15,0.0,0.022222222222222223,0.09,0.01870828693386971,0.0,0.004278683914510686,0.010000000000000009,0.046620299934796786,0.0,0.0,0.000654761904761906
103_6500,52,3,0.0,0.0,0.07449999999999996,0.010571882797418487,0.15384615384615385,0.0024999999999999988,0.0049999999999999975,0.0,0.0,0.0,0.01276485788113696
104_10275,749,15,0.0,0.0,0.09,0.011631891518972592,0.14152202937249667,0.00660377358490566,0.015,0.1509433962264151,0.0,0.0,0.0005436889216722275
104_10475,127,7,0.0,0.0,0.07,0.013491747351406184,0.0,0.004278683914510686,0.010000000000000009,0.046620299934796786,0.0,0.0,0.0003317307692307682
104_7523,15,2,0.0,0.0,0.09299999999999999,0.016761634196950516,0.0,0.004278683914510686,0.010000000000000009,0.046620299934796786,0.0,0.0,0.0
104_7524,4,2,0.0,0.0,0.06549999999999999,0.015000000000000005,0.0,0.004278683914510686,0.010000000000000009,0.046620299934796786,0.0,0.0,0.0
105_1117,15914,40,0.0,0.0,0.08,0.01005427098521421,0.2394118386326505,0.00473753280839895,0.015,0.06902887139107612,0.0,0.0,0.00013554649046635075
105_1118,8079,25,0.0,0.0,0.07,0.009011360041709134,0.23728184181210546,0.004355764214919144,0.015,0.06729264475743349,0.0,0.0,0.00011236886139754192
105_1145,7522,28,0.0,0.0,0.07,0.00878638980346622,0.23211911725604892,0.00413516609392898,0.010000000000000009,0.046964490263459335,0.0,0.0,0.000189500847130399
105_1146,6385,29,0.0,0.0,0.07,0.008388087576367213,0.2317932654659358,0.004094594594594594,0.015,0.05,0.0,0.0,1.554287756233918e-05
105_1155,39420,35,0.0,0.0,0.08,0.010771194025983085,0.4758751902587519,0.004708673170211631,0.015,0.07777600085292392,0.0,0.0,0.00034252165333419505
105_1156,22970,35,0.0,0.0,0.08,0.010897539231733842,0.35994775794514583,0.004719400096758587,0.015,0.07148040638606676,0.0,0.0,0.00010069232975161762
105_1201,6190,18,0.0,0.0,0.08,0.009762535633763423,0.22907915993537964,0.0047320169252468266,0.015,0.07898448519040903,0.0,0.0,7.973085172162828e-06
105_1202,3336,17,0.0,0.0,0.07,0.008135489381825692,0.20623501199040767,0.004069767441860465,0.015,0.046511627906976744,0.0,0.0,6.782469429268226e-06
105_1209,318,8,0.0,0.0,0.09,0.012621294135343426,0.1320754716981132,0.004999999999999999,0.015,0.07142857142857142,0.0,0.0,0.0008157689305230281
105_1210,8080,33,0.0,0.0,0.07,0.008525514267901166,0.19876237623762377,0.0041407222914072225,0.015,0.05666251556662515,0.0,0.0,0.00014823005696820019
231_1599,85,19,0.0,0.0,0.07,0.011891196753232606,0.0,0.004278683914510686,0.010000000000000009,0.046620299934796786,0.0,0.0,0.001219451488682258
231_1605,37,13,0.0,0.0,0.04199999999999996,0.005155247479663472,0.0,0.004278683914510686,0.010000000000000009,0.046620299934796786,0.0,0.0,0.00012121212121212111
231_1607,50,18,0.0,0.0,0.09649999999999992,0.020404081224408146,0.0,0.004278683914510686,0.010000000000000009,0.046620299934796786,0.0,0.0,0.0010229568411386592
231_1608,95,29,0.0,0.0,0.06,0.008975517278370853,0.0,0.004278683914510686,0.010000000000000009,0.046620299934796786,0.0,0.0,0.0004720128356491994
237_6183,86,12,0.0,0.0,0.06,0.009872650112621131,0.023255813953488372,0.0049999999999999975,0.0049999999999999975,0.0,0.0,0.0,1.882929872060229e-06
237_6187,201,18,0.0,0.0,0.08,0.015111690311795108,0.03980099502487562,0.0062499999999999995,0.02,0.0,0.0,0.0,0.0010899977215766687
237_6322,179,16,0.0,0.0,0.09,0.017346943598228276,0.0446927374301676,0.008749999999999999,0.02,0.25,0.0,0.0,0.000451788655857184
237_6326,237,16,0.0,0.0,0.08,0.015515527791872675,0.0759493670886076,0.004999999999999998,0.015000000000000001,0.0,0.0,0.0,0.0008176453500608695
237_6333,327,16,0.0,0.0,0.08,0.015793015401503598,0.09785932721712538,0.003437499999999999,0.010000000000000002,0.03125,0.0,0.0,0.0020603239732432275
237_6338,127,12,0.0,0.0,0.07699999999999989,0.01427802567751733,0.031496062992125984,0.0,0.0,0.0,0.0,0.0,0.002247546743345653
237_6343,112,15,0.0,0.0,0.07,0.012217199935336015,0.08035714285714286,0.0038888888888888883,0.0050000000000000044,0.0,0.0,0.0,0.00017379185142342988
237_6344,154,18,0.0,0.0,0.07,0.011910311922482314,0.012987012987012988,0.0,0.0,0.0,0.0,0.0,0.0003885887472727743
237_6362,267,18,0.0,0.0,0.09,0.017328147815349356,0.04868913857677903,0.002692307692307691,0.0050000000000000044,0.0,0.0,0.0,0.0019435639757068325
237_6364,450,26,0.0,0.0,0.08,0.014351544860784713,0.1,0.005333333333333334,0.010000000000000009,0.022222222222222223,0.0,0.0,0.0008438870136412436
237_6366,393,14,0.0,0.0,0.09,0.01404449194750232,0.12213740458015267,0.0031250000000000006,0.0050000000000000044,0.041666666666666664,0.0,0.0,0.0005582349078752637
237_6367,147,18,0.0,0.0,0.08,0.017312705014400985,0.06802721088435375,0.008,0.019999999999999997,0.2,0.0,0.0,0.0029769826930114017
237_6370,289,19,0.0,0.0,0.08,0.016329858044230313,0.11764705882352941,0.0066176470588235285,0.020000000000000004,0.029411764705882353,0.0,0.0,0.0016290310527689996
237_6517,232,17,0.0,0.0,0.08,0.013852524919083384,0.09051724137931035,0.0035714285714285718,0.0050000000000000044,0.0,0.0,0.0,0.00023451061133988012
237_6518,312,19,0.0,0.0,0.09,0.01671216684740275,0.057692307692307696,0.006111111111111109,0.019999999999999993,0.05555555555555555,0.0,0.0,0.0006476486766455417
237_6519,427,20,0.0,0.0,0.08,0.013880352366283235,0.1053864168618267,0.004222222222222222,0.010000000000000007,0.0,0.0,0.0,0.0013693127236587767
237_6520,220,11,0.0,0.0,0.09,0.017217083911460724,0.07272727272727272,0.005625,0.010000000000000009,0.0,0.0,0.0,0.003224180911680911
237_6521,150,10,0.0,0.0,0.09,0.01654510477966285,0.08666666666666667,0.005384615384615382,0.009999999999999995,0.0,0.0,0.0,0.004175399005756149
237_6523,29,3,0.0,0.0,0.05599999999999998,0.006037648712076858,0.0,0.004278683914510686,0.010000000000000009,0.046620299934796786,0.0,0.0,0.0032352941176470654
237_6524,270,18,0.0,0.0,0.08,0.01445679896142061,0.06666666666666667,0.003888888888888889,0.009999999999999995,0.05555555555555555,0.0,0.0,0.001518288918273034
237_6525,170,19,0.0,0.0,0.08,0.016505438987957033,0.047058823529411764,0.003749999999999998,0.009999999999999995,0.0,0.0,0.0,0.0007714202719963088
237_6526,117,7,0.0,0.0,0.09,0.017818715758991584,0.08547008547008547,0.003999999999999998,0.009999999999999995,0.0,0.0,0.0,0.015368217054263562
237_6527,261,19,0.0,0.0,0.09,0.01786290589502284,0.05363984674329502,0.006428571428571428,0.015,0.14285714285714285,0.0,0.0,0.0019950383133397493
237_6528,366,29,0.0,0.0,0.09,0.01726210843881981,0.040983606557377046,0.0056666666666666645,0.010000000000000002,0.0,0.0,0.0,0.0018073804292162295
237_6529,300,19,0.0,0.0,0.08,0.0164192561720727,0.06,0.006666666666666666,0.015000000000000001,0.0,0.0,0.0,0.001935520756626122
237_6530,502,25,0.0,0.0,0.08,0.016061064398105215,0.05976095617529881,0.003666666666666665,0.009999999999999995,0.0,0.0,0.0,0.000451873925315921
237_6551,337,24,0.0,0.0,0.08,0.013569513411346592,0.06824925816023739,0.005869565217391306,0.014499999999999992,0.043478260869565216,0.0,0.0,0.0011681939995094224
237_6553,435,18,0.0,0.0,0.09,0.015397104254664094,0.05517241379310345,0.006041666666666665,0.015,0.0,0.0,0.0,0.0009121613074809994
237_6555,230,22,0.0,0.0,0.08,0.016918538560663835,0.07391304347826087,0.0032352941176470593,0.011,0.058823529411764705,0.0,0.0,0.000601606728509238
237_6556,574,27,0.0,0.0,0.09,0.016364200597385737,0.06968641114982578,0.004499999999999999,0.01049999999999998,0.075,0.0,0.0,0.0015281822462442749
237_6557,277,21,0.0,0.0,0.08,0.015599598066747915,0.02888086642599278,0.0043749999999999995,0.010000000000000002,0.125,0.0,0.0,0.0013252206458439883
237_6558,209,14,0.0,0.0,0.09,0.01687695516829587,0.05741626794258373,0.0025000000000000005,0.0050000000000000044,0.0,0.0,0.0,0.0031740851854209708
237_6560,232,20,0.0,0.0,0.08,0.015317459672917942,0.09482758620689655,0.00409090909090909,0.010000000000000002,0.0,0.0,0.0,0.00046496241336404153
237_6562,243,22,0.0,0.0,0.08,0.015256315447642969,0.0411522633744856,0.003,0.0050000000000000044,0.0,0.0,0.0,0.00047972147357550684
237_6564,532,23,0.0,0.0,0.09,0.01697133493841236,0.08646616541353383,0.004782608695652173,0.015,0.043478260869565216,0.0,0.0,0.001409553650786385
237_6565,138,18,0.0,0.0,0.07,0.013152467882636597,0.08695652173913043,0.005833333333333336,0.010000000000000002,0.0,0.0,0.0,0.0012241092241092246
237_6566,316,21,0.0,0.0,0.08,0.016430881894995704,0.11392405063291139,0.0036111111111111105,0.009999999999999997,0.0,0.0,0.0,0.00182837788268058
237_6567,269,19,0.0,0.0,0.08,0.01452688370257693,0.02973977695167286,0.0037500000000000007,0.015000000000000005,0.0,0.0,0.0,0.0013168199855699864
237_6569,370,11,0.0,0.0,0.09,0.014679889566828483,0.1837837837837838,0.003088235294117647,0.009999999999999995,0.058823529411764705,0.0,0.0,0.000681392370226099
237_6570,439,23,0.0,0.0,0.08,0.015523544536803255,0.0774487471526196,0.0038235294117647044,0.011749999999999986,0.029411764705882353,0.0,0.0,0.0002461125041936783
237_6571,214,25,0.0,0.0,0.08,0.014669437634380292,0.018691588785046728,0.0049999999999999975,0.009999999999999995,0.0,0.0,0.0,0.0009758493140846091
237_6572,210,18,0.0,0.0,0.08,0.015799207146469464,0.05714285714285714,0.0029166666666666664,0.0072499999999999995,0.0,0.0,0.0,0.0023841076481450818
237_8053,214,21,0.0,0.0,0.07,0.014075272300524197,0.018691588785046728,0.007500000000000003,0.010000000000000007,0.0,0.0,0.0,0.00017298361819716995
237_8055,481,27,0.0,0.0,0.08,0.013181163453696715,0.0997920997920998,0.002916666666666667,0.010000000000000004,0.020833333333333332,0.0,0.0,0.0004274051042907782
237_8056,246,18,0.0,0.0,0.08,0.015974562905753192,0.04878048780487805,0.007499999999999997,0.010000000000000005,0.08333333333333333,0.0,0.0,0.0024170943062239007
237_8057,204,19,0.0,0.0,0.08,0.014297939808865425,0.04411764705882353,0.003333333333333333,0.010000000000000004,0.0,0.0,0.0,0.0003668299775783961
237_8058,90,13,0.0,0.0,0.07,0.011337518504624222,0.022222222222222223,0.015000000000000003,0.015000000000000006,0.0,0.0,0.0,0.0003145021645021645
237_8059,297,26,0.0,0.0,0.09,0.016987359670366343,0.04377104377104377,0.0038461538461538455,0.01,0.07692307692307693,0.0,0.0,0.001288626324095432
237_8060,483,21,0.0,0.0,0.09,0.014629020132204192,0.11594202898550725,0.0033035714285714274,0.009999999999999995,0.017857142857142856,0.0,0.0,0.0009215715426124742
237_8061,143,10,0.0,0.0,0.07,0.011959170831016214,0.07692307692307693,0.002272727272727275,0.0050000000000000044,0.0,0.0,0.0,0.0018002244132678924
237_8062,269,19,0.0,0.0,0.08,0.016530300848473456,0.07434944237918216,0.004999999999999999,0.015,0.0,0.0,0.0,0.0005949767401960131
237_8065,97,13,0.0,0.0,0.07,0.011405709367924776,0.020618556701030927,0.0,0.0,0.0,0.0,0.0,0.0015177179058758
237_8066,241,23,0.0,0.0,0.08,0.014307311771415391,0.05394190871369295,0.002692307692307693,0.0050000000000000044,0.0,0.0,0.0,9.144656343873747e-05
237_8067,153,15,0.0,0.0,0.08,0.015769179137289133,0.0196078431372549,0.003333333333333336,0.0050000000000000044,0.0,0.0,0.0,0.0020834699609259696
237_8069,107,12,0.0,0.0,0.06699999999999989,0.007376802177674392,0.0,0.004278683914510686,0.010000000000000009,0.046620299934796786,0.0,0.0,0.0011590277777777773
237_8070,134,16,0.0,0.0,0.08,0.014588393749311127,0.03731343283582089,0.012,0.026999999999999996,0.0,0.0,0.0,0.0011429094714809004
237_8071,152,14,0.0,0.0,0.08,0.01626599542543284,0.046052631578947366,0.002142857142857141,0.00849999999999999,0.0,0.0,0.0,0.003816653594606544
237_8072,125,11,0.0,0.0,0.08,0.015111200716580214,0.048,0.008333333333333333,0.015000000000000005,0.0,0.0,0.0,0.003072829219522681
237_8073,348,22,0.0,0.0,0.08,0.015624060473922964,0.06321839080459771,0.004318181818181818,0.015,0.045454545454545456,0.0,0.0,0.0005130078985342146
237_8074,250,19,0.0,0.0,0.08,0.015632578483415992,0.072,0.0066666666666666645,0.015,0.16666666666666666,0.0,0.0,0.00033979108045321954
237_8075,267,21,0.0,0.0,0.08,0.015712096739411822,0.056179775280898875,0.006333333333333332,0.015000000000000001,0.0,0.0,0.0,0.0009447934963655042
239_6029,73,9,0.0273972602739726,0.0,0.11199999999999975,0.01957112463120833,0.0273972602739726,0.0,0.0,0.0,2.0,1.0,0.004095238095238096
239_6041,189,22,0.0,0.0,0.09,0.009794695382613253,0.06878306878306878,0.005769230769230769,0.015,0.23076923076923078,0.0,0.0,0.00030561074023335437
239_6044,346,26,0.0,0.0,0.09,0.009227514392553943,0.09248554913294797,0.002499999999999999,0.009999999999999995,0.03125,0.0,0.0,0.0004604753062711346
239_6046,489,19,0.0,0.0,0.08,0.013199358753651391,0.15950920245398773,0.004230769230769231,0.015,0.23076923076923078,0.0,0.0,0.002591865533343209
239_6053,167,13,0.0,0.0,0.09,0.012170778147026341,0.08383233532934131,0.002857142857142856,0.009999999999999995,0.14285714285714285,0.0,0.0,0.0016192196575599937
239_8055,560,21,0.0,0.0,0.09,0.01000496618315587,0.16428571428571428,0.0036956521739130426,0.015,0.10869565217391304,0.0,0.0,0.00026364498328773585
239_8057,553,17,0.0,0.0,0.09,0.008787068289384714,0.20614828209764918,0.00394736842105263,0.015,0.11403508771929824,0.0,0.0,0.0008000674936298682
239_8062,517,25,0.0,0.0,0.09,0.009868461497099424,0.18181818181818182,0.005319148936170211,0.015,0.20212765957446807,0.0,0.0,0.00017754321863746567
239_8065,155,10,0.0,0.0,0.09,0.016848968074575005,0.06451612903225806,0.004000000000000001,0.010000000000000002,0.0,0.0,0.0,0.006868968456948002
239_8069,386,24,0.0,0.0,0.09,0.009620481482370194,0.17616580310880828,0.003970588235294116,0.015,0.07352941176470588,0.0,0.0,0.0012766808355043652
239_8698,198,13,0.0,0.0,0.09,0.008584508762816122,0.1414141414141414,0.00714285714285714,0.02,0.17857142857142858,0.0,0.0,0.00042509124862066025
239_8700,3122,36,0.0,0.0,0.07,0.008758971235235733,0.253683536194747,0.004204545454545455,0.015,0.05808080808080808,0.0,0.0,0.00024190778632513933
239_8702,401,29,0.0,0.0,0.09,0.0079664978052966,0.12967581047381546,0.005865384615384614,0.01999999999999999,0.17307692307692307,0.0,0.0,8.398117016677385e-05
239_8703,361,11,0.0,0.0,0.07,0.007001626685195572,0.17174515235457063,0.0024193548387096775,0.009749999999999981,0.0,0.0,0.0,0.0010233631098458783
239_8704,348,25,0.005747126436781609,0.0,0.09,0.0190455101921228,0.08620689655172414,0.0033333333333333327,0.0050000000000000044,0.0,2.0,1.0,0.0018159038518368858
239_8712,67,8,0.014925373134328358,0.0,0.08699999999999995,0.03443673530007664,0.1044776119402985,0.0,0.0,0.0,1.0,1.0,0.0013659125188536971
239_8713,3671,28,0.0,0.0,0.07,0.009046250397147692,0.24816126396077362,0.0041822173435784845,0.010000000000000009,0.05159165751920966,0.0,0.0,8.211619058535628e-05
239_8715,330,34,0.0030303030303030303,0.0,0.08,0.012180559557425454,0.06666666666666667,0.0022727272727272717,0.009749999999999991,0.045454545454545456,1.0,1.0,0.0002845944764104104
239_8716,2893,31,0.0,0.0,0.07,0.009658730486303184,0.19287936398202557,0.004498207885304659,0.015,0.053763440860215055,0.0,0.0,0.00036132104939481236
239_8717,670,23,0.0014925373134328358,0.0,0.09,0.009176436778297936,0.16567164179104477,0.0036486486486486474,0.009999999999999995,0.11711711711711711,1.0,1.0,0.00018132719949514535
239_8718,458,30,0.12663755458515283,0.0,0.29149999999999976,0.07207151363604358,0.13100436681222707,0.0205,0.1,0.25,58.0,0.7241379310344828,0.0005168904534866527
239_8719,232,1,0.0,0.0,0.1,0.019749702626719653,0.3922413793103448,0.007032967032967033,0.025,0.054945054945054944,0.0,0.0,0.0
239_8722,53,13,0.0,0.0,0.08,0.017374889710522767,0.018867924528301886,0.010000000000000002,0.010000000000000002,0.0,0.0,0.0,0.002473529411764706
239_8723,26,9,0.0,0.0,0.0775,0.002717464881947029,0.07692307692307693,0.0,0.0,0.0,0.0,0.0,1.4285714285714695e-05
239_8725,605,30,0.0,0.0,0.09,0.014408730531049302,0.13388429752066117,0.0036419753086419757,0.010000000000000009,0.16049382716049382,0.0,0.0,0.002692105932824261
239_8728,126,6,0.0,0.0,0.0975,0.008968374770923996,0.15873015873015872,0.004499999999999998,0.009999999999999995,0.15,0.0,0.0,0.00020882771713336828
239_8729,756,21,0.0,0.0,0.1,0.009642938577534621,0.15608465608465608,0.0068644067796610145,0.019999999999999993,0.2033898305084746,0.0,0.0,0.00031712141737149394
239_8732,1555,19,0.0,0.0,0.07,0.008406211923090578,0.2045016077170418,0.004386792452830189,0.015,0.0660377358490566,0.0,0.0,0.000659769394772718
239_8735,44,4,0.0,0.0,0.08850000000000001,0.008387421368293256,0.13636363636363635,0.001666666666666666,0.005000000000000001,0.0,0.0,0.0,0.000576923076923079
239_8738,203,16,0.0,0.0,0.09,0.015798967514700335,0.10837438423645321,0.0049999999999999975,0.009999999999999995,0.18181818181818182,0.0,0.0,0.005408218828150782
239_8741,4,2,0.0,0.0,0.07,0.015000000000000001,0.0,0.004278683914510686,0.010000000000000009,0.046620299934796786,0.0,0.0,0.0
239_8761,212,16,0.0,0.0,0.09,0.01471015686571222,0.04716981132075472,0.005999999999999998,0.015,0.1,0.0,0.0,0.0034608001338436124
239_8842,307,16,0.0,0.0,0.09,0.014920681188521709,0.08469055374592833,0.0034615384615384608,0.010000000000000002,0.15384615384615385,0.0,0.0,0.0038762734173254545
239_8851,74,3,0.0,0.0,0.09349999999999994,0.011134298484400623,0.13513513513513514,0.0029999999999999983,0.0050000000000000044,0.1,0.0,0.0,0.015633802816901403
239_8853,461,26,0.0,0.0,0.09,0.013155602832305118,0.09544468546637744,0.0034090909090909076,0.009999999999999995,0.11363636363636363,0.0,0.0,0.0029432184827881945
239_8856,17,2,0.0,0.0,0.08199999999999999,0.005878675320972553,0.0,0.004278683914510686,0.010000000000000009,0.046620299934796786,0.0,0.0,0.00047619047619049115
239_8868,214,23,0.0,0.0,0.08349999999999995,0.014848702400137137,0.07476635514018691,0.0024999999999999996,0.010000000000000002,0.0625,0.0,0.0,0.003190371749462659
239_907,4643,37,0.0,0.0,0.07,0.009520755811200732,0.2692224854619858,0.004408,0.015,0.06,0.0,0.0,0.000442985552695258
239_908,1172,32,0.0,0.0,0.1,0.010422686466936023,0.20392491467576793,0.0037656903765690367,0.015,0.12133891213389121,0.0,0.0,0.0004688733215452825
239_909,172,23,0.005813953488372093,0.0,0.1,0.01629689771978084,0.08139534883720931,0.007857142857142856,0.03,0.14285714285714285,1.0,0.0,0.0012907176157176154
239_911,1086,27,0.0,0.0,0.11,0.014668750396866324,0.21731123388581952,0.005889830508474576,0.016250000000000007,0.1016949152542373,0.0,0.0,0.000906470353191087
239_912,473,23,0.0,0.0,0.09,0.010014412518612936,0.18604651162790697,0.003863636363636362,0.010000000000000004,0.06818181818181818,0.0,0.0,8.86596896379043e-05
239_913,110,7,0.0,0.0,0.09,0.010110317276402584,0.10909090909090909,0.003333333333333332,0.009999999999999995,0.0,0.0,0.0,0.0019533409119616026
239_914,317,23,0.0,0.0,0.1,0.022603698927543776,0.1167192429022082,0.005945945945945945,0.010000000000000009,0.08108108108108109,0.0,0.0,4.0104895104894665e-05
239_916,456,10,0.0043859649122807015,0.0,0.11,0.018726981243363822,0.2675438596491228,0.007131147540983608,0.020000000000000004,0.19672131147540983,2.0,0.5,0.006042107043414889
239_919,299,23,0.0,0.0,0.08,0.016451697377899734,0.05016722408026756,0.009333333333333332,0.030000000000000002,0.06666666666666667,0.0,0.0,0.0003527655920589933
239_921,1204,28,0.0,0.0,0.09849999999999909,0.014101486271412703,0.21096345514950166,0.006259842519685039,0.015,0.09448818897637795,0.0,0.0,0.00021312203069292774
239_923,811,18,0.0,0.0,0.08,0.013291263492356261,0.2638717632552404,0.0052803738317757,0.015,0.04672897196261682,0.0,0.0,0.0005569025335271105
240_226,1165,18,0.0,0.0,0.08,0.010405633804458905,0.255793991416309,0.004362416107382551,0.015,0.06711409395973154,0.0,0.0,0.00023709798282041015
240_229,132,3,0.0,0.0,0.06,0.004844923368098619,0.10606060606060606,0.000714285714285714,0.0049999999999999975,0.0,0.0,0.0,0.000783475783475783
240_230,133,1,0.0,0.0,0.07,0.006999820978734802,0.22556390977443608,0.004333333333333333,0.012749999999999987,0.06666666666666667,0.0,0.0,0.0
240_231,2029,17,0.0,0.0,0.07,0.008409181672567564,0.27304090685066534,0.0038808664259927794,0.010000000000000009,0.12274368231046931,0.0,0.0,0.000524751978114638
240_271,2966,17,0.0,0.0,0.06,0.008922600583852231,0.3209710047201618,0.004401260504201681,0.010000000000000002,0.052521008403361345,0.0,0.0,0.0005018438394222526
240_274,881,15,0.0,0.0,0.07,0.008381818159434553,0.2724177071509648,0.004291666666666667,0.015,0.10416666666666667,0.0,0.0,0.0005926227143098135
240_275,1068,14,0.0018726591760299626,0.0,0.06649999999999978,0.00888321088807237,0.31647940074906367,0.004053254437869823,0.015,0.05621301775147929,2.0,0.5,0.00018085697955057332
240_30038,5,1,0.0,0.0,0.0,0.0,0.0,0.004278683914510686,0.010000000000000009,0.046620299934796786,0.0,0.0,0.0
240_30041,8,1,0.0,0.0,0.0,0.0,0.0,0.004278683914510686,0.010000000000000009,0.046620299934796786,0.0,0.0,0.0
240_30044,48,2,0.0,0.0,0.0,0.0,0.041666666666666664,0.0,0.0,0.0,0.0,0.0,0.0
240_30045,49,1,0.0,0.0,0.0,0.0,0.0,0.004278683914510686,0.010000000000000009,0.046620299934796786,0.0,0.0,0.0
240_30047,126,5,0.0,0.0,0.0,0.0,0.031746031746031744,0.0,0.0,0.0,0.0,0.0,0.0
240_30048,94,4,0.0,0.0,0.0,0.0,0.06382978723404255,0.0,0.0,0.0,0.0,0.0,0.0
240_30077,41,3,0.0,0.0,0.0,0.0,0.04878048780487805,0.0,0.0,0.0,0.0,0.0,0.0
240_30078,24,1,0.0,0.0,0.0,0.0,0.0,0.004278683914510686,0.010000000000000009,0.046620299934796786,0.0,0.0,0.0
240_30079,28,2,0.0,0.0,0.0,0.0,0.0,0.004278683914510686,0.010000000000000009,0.046620299934796786,0.0,0.0,0.0
240_30087,99,4,0.0,0.0,0.0,0.0,0.020202020202020204,0.0,0.0,0.0,0.0,0.0,0.0
240_30093,85,6,0.0,0.0,0.0,0.0,0.0,0.004278683914510686,0.010000000000000009,0.046620299934796786,0.0,0.0,0.0
240_30100,93,3,0.0,0.0,0.0,0.0,0.06451612903225806,0.0,0.0,0.0,0.0,0.0,0.0
240_30103,56,2,0.0,0.0,0.0,0.0,0.03571428571428571,0.0,0.0,0.0,0.0,0.0,0.0
240_30179,20,4,0.0,0.0,0.0,0.0,0.3,0.0,0.0,0.0,0.0,0.0,0.0
240_30408,23,1,0.0,0.0,0.0,0.0,0.08695652173913043,0.0,0.0,0.0,0.0,0.0,0.0
240_30414,38,2,0.0,0.0,0.0,0.0,0.0,0.004278683914510686,0.010000000000000009,0.046620299934796786,0.0,0.0,0.0
240_30478,23,2,0.0,0.0,0.0,0.0,0.0,0.004278683914510686,0.010000000000000009,0.046620299934796786,0.0,0.0,0.0
240_30603,30,3,0.0,0.0,0.0,0.0,0.0,0.004278683914510686,0.010000000000000009,0.046620299934796786,0.0,0.0,0.0
240_30609,43,3,0.0,0.0,0.0,0.0,0.13953488372093023,0.0,0.0,0.0,0.0,0.0,0.0
240_30613,51,1,0.0,0.0,0.0,0.0,0.0392156862745098,0.0,0.0,0.0,0.0,0.0,0.0
240_30664,22,2,0.0,0.0,0.0,0.0,0.0,0.004278683914510686,0.010000000000000009,0.046620299934796786,0.0,0.0,0.0
240_311,1736,19,0.0017281105990783411,0.0,0.06,0.008762376395484838,0.32027649769585254,0.0038669064748201444,0.010000000000000002,0.06115107913669065,3.0,0.6666666666666666,1.6145636200251388e-05
240_312,2185,23,0.0,0.0,0.06,0.008677808260629324,0.30572082379862703,0.004326347305389222,0.015,0.05239520958083832,0.0,0.0,0.00042069993247815526
240_313,1272,8,0.0,0.0,0.07,0.0098549144343962,0.3632075471698113,0.004458874458874459,0.015,0.07575757575757576,0.0,0.0,0.0007602284914685764
240_315,518,11,0.0019305019305019305,0.0,0.07,0.00876709656506253,0.25868725868725867,0.004029850746268657,0.015,0.08208955223880597,1.0,1.0,0.0005539585431078619
240_316,2625,23,0.0,0.0,0.06,0.00890427216103428,0.2742857142857143,0.003916666666666667,0.015,0.05694444444444444,0.0,0.0,0.00022554065925116753
240_317,824,8,0.0,0.0,0.06,0.00862426898630468,0.32281553398058255,0.0037593984962406013,0.010000000000000002,0.041353383458646614,0.0,0.0,0.0003084117977177767
240_346,1299,17,0.0,0.0,0.06,0.006184725493332394,0.2909930715935335,0.002777777777777778,0.009999999999999997,0.010582010582010581,0.0,0.0,2.6121127095511015e-05
240_347,2785,17,0.0017953321364452424,0.0,0.06,0.007594600695133666,0.31382405745062836,0.0033180778032036616,0.010000000000000002,0.043478260869565216,5.0,0.6,4.496822201022927e-05
240_348,1557,20,0.0,0.0,0.07,0.009324975720095361,0.2761721258831085,0.004930232558139535,0.012749999999999775,0.05116279069767442,0.0,0.0,0.0008332664652155636
240_349,6420,36,0.0006230529595015577,0.0,0.07,0.009128579836326266,0.35887850467289717,0.004121093750000001,0.010000000000000009,0.06336805555555555,4.0,0.5,0.0003682207347417751
240_350,1561,13,0.0,0.0,0.06,0.00810490990363661,0.2857142857142857,0.004237668161434978,0.015,0.053811659192825115,0.0,0.0,0.00012253003878546186
240_351,2090,17,0.0,0.0,0.08,0.009256599868494962,0.27751196172248804,0.0044482758620689655,0.015,0.07586206896551724,0.0,0.0,0.00021834672878704489
240_352,668,11,0.008982035928143712,0.0,0.08,0.009755779913490102,0.24251497005988024,0.004753086419753087,0.015,0.08641975308641975,6.0,0.5,0.0002225416466067191
240_353,1279,11,0.0,0.0,0.07,0.009893972344788272,0.3487099296325254,0.003946188340807176,0.010000000000000002,0.07847533632286996,0.0,0.0,0.00040666925582495537
240_355,3143,17,0.0,0.0,0.07,0.010588116074835788,0.32198536430162267,0.005049407114624507,0.015,0.09189723320158102,0.0,0.0,0.00010827226413492573
240_358,1034,12,0.0,0.0,0.07,0.010057259284417478,0.3346228239845261,0.004653179190751445,0.010000000000000009,0.06069364161849711,0.0,0.0,0.0002477250869615219
240_359,372,11,0.0,0.0,0.06,0.007059684442113843,0.25806451612903225,0.0034375,0.010000000000000002,0.03125,0.0,0.0,0.001808289536550405
240_447,2717,28,0.000368052999631947,0.0,0.06,0.008232088693772049,0.3084284136915716,0.0035560859188544154,0.010000000000000002,0.034606205250596656,1.0,0.0,0.0002204858259439218
240_449,1280,13,0.0,0.0,0.06,0.008554600881810204,0.246875,0.004525316455696203,0.015,0.056962025316455694,0.0,0.0,0.0003507519501718354
240_471,3049,16,0.0016398819285011479,0.0,0.07,0.01047196684636577,0.31879304690062316,0.004454732510288066,0.015,0.08024691358024691,5.0,0.6,6.884847737790368e-05
240_51,212,19,0.0,0.0,0.08,0.012007162755430317,0.05660377358490566,0.003333333333333334,0.009999999999999995,0.0,0.0,0.0,0.00032930663285354335
240_52,177,19,0.0,0.0,0.09,0.009868160189020982,0.13559322033898305,0.006249999999999999,0.019249999999999982,0.125,0.0,0.0,0.0012924275396411615
240_54,1353,24,0.0,0.0,0.06,0.008322125614623928,0.29859571322985956,0.0031930693069306933,0.010000000000000002,0.019801980198019802,0.0,0.0,0.00031851153323015627
240_561,3171,15,0.0,0.0,0.08,0.009984849352554063,0.36581520025228637,0.004724137931034482,0.015,0.14396551724137932,0.0,0.0,4.6260594772793206e-05
240_562,1691,18,0.0035481963335304554,0.0,0.07,0.010533865246679,0.3004139562389119,0.004271653543307086,0.010000000000000009,0.0688976377952756,6.0,0.3333333333333333,8.288743060839754e-05
240_57,2932,19,0.0,0.0,0.08,0.011679247853641212,0.296043656207367,0.005138248847926267,0.015,0.09907834101382489,0.0,0.0,0.0006971669415333291
240_58,995,16,0.0,0.0,0.09,0.009881526240026424,0.24522613065326634,0.004467213114754099,0.015,0.14754098360655737,0.0,0.0,0.00041209835490868774
240_59,670,12,0.0,0.0,0.07,0.008148335865268657,0.23880597014925373,0.003,0.010000000000000002,0.15,0.0,0.0,0.0007290703586216712
240_61,660,14,0.0,0.0,0.07,0.006769497097648704,0.14696969696969697,0.0032989690721649477,0.010000000000000002,0.020618556701030927,0.0,0.0,8.913335998517948e-05
240_62,201,14,0.0,0.0,0.07,0.010791096385170037,0.11940298507462686,0.002083333333333334,0.009249999999999986,0.0,0.0,0.0,0.0017741888519199449
240_63,2533,18,0.0,0.0,0.06,0.00879232667325507,0.30161863403079353,0.003952879581151833,0.010000000000000002,0.049738219895287955,0.0,0.0,0.0001003248425052757
240_634,2768,18,0.002890173410404624,0.0,0.06,0.008366104622208397,0.30310693641618497,0.003718712753277712,0.010000000000000002,0.05363528009535161,8.0,0.25,5.7747392205975773e-05
240_635,4287,25,0.0,0.0,0.07,0.011015389084417657,0.3475623979472825,0.0052214765100671145,0.015,0.0912751677852349,0.0,0.0,0.00015745574104868764
240_65,206,12,0.0,0.0,0.08,0.0076323277697217685,0.18446601941747573,0.0036842105263157907,0.015,0.10526315789473684,0.0,0.0,0.0008718005259932658
240_66,2429,6,0.0,0.0,0.11,0.0034153058870513894,0.5981885549608893,7.5705437026841e-05,0.0,0.0006882312456985547,0.0,0.0,0.0011669314989850924
240_669,1611,20,0.0006207324643078833,0.0,0.06,0.007991633086068957,0.2594661700806952,0.0033732057416267945,0.010000000000000002,0.0430622009569378,1.0,1.0,2.6938323355407753e-05
240_67,1804,17,0.0005543237250554324,0.0,0.08,0.010219950074312638,0.2860310421286031,0.004515503875968992,0.015,0.07945736434108527,1.0,1.0,0.0007074055862716334
240_671,838,6,0.0,0.0,0.06,0.008612160667023236,0.28878281622911695,0.0034710743801652896,0.010000000000000002,0.0371900826446281,0.0,0.0,0.007923092504658294
240_69,3080,27,0.0,0.0,0.07,0.009802742602046922,0.33636363636363636,0.004430501930501931,0.015,0.05405405405405406,0.0,0.0,0.0003184977679617089
240_70,3978,17,0.0,0.0,0.08,0.00903450751910168,0.416289592760181,0.0033997584541062805,0.010000000000000009,0.004830917874396135,0.0,0.0,5.236427946047785e-05
240_71,441,8,0.0022675736961451248,0.0,0.07,0.008244861220734109,0.24036281179138322,0.0043396226415094346,0.013750000000000002,0.04716981132075472,1.0,0.0,0.0013462509922782702
240_72,1397,20,0.0007158196134574087,0.0,0.06,0.008336403545023845,0.28203292770221905,0.0037055837563451776,0.010000000000000002,0.030456852791878174,1.0,1.0,0.000427185649452053
240_74,2413,22,0.002900953170327393,0.0,0.07,0.008371922331391226,0.27932034811438045,0.00370919881305638,0.010000000000000009,0.09050445103857567,7.0,0.7142857142857143,6.519507885243316e-05
240_75,977,19,0.0,0.0,0.07,0.007292081095293529,0.21494370522006143,0.0039047619047619044,0.015,0.08571428571428572,0.0,0.0,2.024981349926369e-05
248_46,124,4,0.0,0.0,0.1,0.0108103358958919,0.06451612903225806,0.003749999999999998,0.0050000000000000044,0.0,0.0,0.0,0.0
248_52,19737,29,0.0,0.0,0.09,0.016774444953683795,0.45974565536809037,0.006674013665417677,0.01999999999999999,0.10094776283888032,0.0,0.0,0.0014302237062413096
249_1022,3802,21,0.0,0.0,0.07,0.011074889582092854,0.35981062598632296,0.004817251461988304,0.015,0.05555555555555555,0.0,0.0,0.0011977189702919277
249_1023,12515,47,0.0,0.0,0.07,0.009695777199973873,0.32249300838993206,0.004254212091179386,0.010000000000000009,0.06293359762140734,0.0,0.0,0.00025137062706635484
249_1024,8746,24,0.0,0.0,0.07,0.011249856154110944,0.34598673679396297,0.004656311962987442,0.015,0.08228684732319894,0.0,0.0,0.0005918084626024033
249_1025,8251,35,0.0,0.0,0.07,0.010008120896864236,0.3269906677978427,0.004466271312083024,0.015,0.07190511489992588,0.0,0.0,0.00024285793419416408
